date,cases,tests,cases_per_100k,deaths,covid_patients,covid_ICU,non_covid_ICU,unoccupied_ICU_beds,covid_ventilator,non_covid_ventilator,total_ventilated,covid_beds,non_covid_beds,awaiting_admission,unoccupied_beds,care_homes_outbreaks
2020-01-05,0,0,0,NA,NA,NA,NA,NA,NA,NA,NA,NA,NA,NA,NA,NA
2020-01-06,0,0,0,NA,NA,NA,NA,NA,NA,NA,NA,NA,NA,NA,NA,NA
2020-01-07,0,0,0,NA,NA,NA,NA,NA,NA,NA,NA,NA,NA,NA,NA,NA
2020-01-08,0,0,0,NA,NA,NA,NA,NA,NA,NA,NA,NA,NA,NA,NA,NA
2020-01-09,0,0,0,NA,NA,NA,NA,NA,NA,NA,NA,NA,NA,NA,NA,NA
2020-01-10,0,0,0,NA,NA,NA,NA,NA,NA,NA,NA,NA,NA,NA,NA,NA
2020-01-11,0,0,0,NA,NA,NA,NA,NA,NA,NA,NA,NA,NA,NA,NA,NA
2020-01-12,0,0,0,NA,NA,NA,NA,NA,NA,NA,NA,NA,NA,NA,NA,NA
2020-01-13,0,0,0,NA,NA,NA,NA,NA,NA,NA,NA,NA,NA,NA,NA,NA
2020-01-14,0,0,0,NA,NA,NA,NA,NA,NA,NA,NA,NA,NA,NA,NA,NA
2020-01-15,0,0,0,NA,NA,NA,NA,NA,NA,NA,NA,NA,NA,NA,NA,NA
2020-01-16,0,0,0,NA,NA,NA,NA,NA,NA,NA,NA,NA,NA,NA,NA,NA
2020-01-17,0,0,0,NA,NA,NA,NA,NA,NA,NA,NA,NA,NA,NA,NA,NA
2020-01-18,0,0,0,NA,NA,NA,NA,NA,NA,NA,NA,NA,NA,NA,NA,NA
2020-01-19,0,0,0,NA,NA,NA,NA,NA,NA,NA,NA,NA,NA,NA,NA,NA
2020-01-20,0,0,0,NA,NA,NA,NA,NA,NA,NA,NA,NA,NA,NA,NA,NA
2020-01-21,0,0,0,NA,NA,NA,NA,NA,NA,NA,NA,NA,NA,NA,NA,NA
2020-01-22,0,0,0,NA,NA,NA,NA,NA,NA,NA,NA,NA,NA,NA,NA,NA
2020-01-23,0,0,0,NA,NA,NA,NA,NA,NA,NA,NA,NA,NA,NA,NA,NA
2020-01-24,0,0,0,NA,NA,NA,NA,NA,NA,NA,NA,NA,NA,NA,NA,NA
2020-01-25,0,0,0,NA,NA,NA,NA,NA,NA,NA,NA,NA,NA,NA,NA,NA
2020-01-26,0,0,0,NA,NA,NA,NA,NA,NA,NA,NA,NA,NA,NA,NA,NA
2020-01-27,0,0,0,NA,NA,NA,NA,NA,NA,NA,NA,NA,NA,NA,NA,NA
2020-01-28,0,0,0,NA,NA,NA,NA,NA,NA,NA,NA,NA,NA,NA,NA,NA
2020-01-29,0,0,0,NA,NA,NA,NA,NA,NA,NA,NA,NA,NA,NA,NA,NA
2020-01-30,0,0,0,NA,NA,NA,NA,NA,NA,NA,NA,NA,NA,NA,NA,NA
2020-01-31,0,0,0,NA,NA,NA,NA,NA,NA,NA,NA,NA,NA,NA,NA,NA
2020-02-01,0,0,0,NA,NA,NA,NA,NA,NA,NA,NA,NA,NA,NA,NA,NA
2020-02-02,0,0,0,NA,1,NA,NA,NA,NA,NA,NA,NA,NA,NA,NA,NA
2020-02-03,0,0,0,NA,2,NA,NA,NA,NA,NA,NA,NA,NA,NA,NA,NA
2020-02-04,0,0,0,NA,2,NA,NA,NA,NA,NA,NA,NA,NA,NA,NA,NA
2020-02-05,0,0,0,NA,3,NA,NA,NA,NA,NA,NA,NA,NA,NA,NA,NA
2020-02-06,0,1,0,NA,3,NA,NA,NA,NA,NA,NA,NA,NA,NA,NA,NA
2020-02-07,0,3,0,NA,3,NA,NA,NA,NA,NA,NA,NA,NA,NA,NA,NA
2020-02-08,0,2,0,NA,3,NA,NA,NA,NA,NA,NA,NA,NA,NA,NA,NA
2020-02-09,0,3,0,NA,3,NA,NA,NA,NA,NA,NA,NA,NA,NA,NA,NA
2020-02-10,0,3,0,NA,4,NA,NA,NA,NA,NA,NA,NA,NA,NA,NA,NA
2020-02-11,0,2,0,NA,4,NA,NA,NA,NA,NA,NA,NA,NA,NA,NA,NA
2020-02-12,0,0,0,NA,4,NA,NA,NA,NA,NA,NA,NA,NA,NA,NA,NA
2020-02-13,0,3,0,NA,4,NA,NA,NA,NA,NA,NA,NA,NA,NA,NA,NA
2020-02-14,0,3,0,NA,5,NA,NA,NA,NA,NA,NA,NA,NA,NA,NA,NA
2020-02-15,0,1,0,NA,5,NA,NA,NA,NA,NA,NA,NA,NA,NA,NA,NA
2020-02-16,0,0,0,NA,5,NA,NA,NA,NA,NA,NA,NA,NA,NA,NA,NA
2020-02-17,0,6,0,NA,6,NA,NA,NA,NA,NA,NA,NA,NA,NA,NA,NA
2020-02-18,0,3,0,NA,6,NA,NA,NA,NA,NA,NA,NA,NA,NA,NA,NA
2020-02-19,0,3,0,NA,6,NA,NA,NA,NA,NA,NA,NA,NA,NA,NA,NA
2020-02-20,0,1,0,NA,7,NA,NA,NA,NA,NA,NA,NA,NA,NA,NA,NA
2020-02-21,0,1,0,NA,8,NA,NA,NA,NA,NA,NA,NA,NA,NA,NA,NA
2020-02-22,0,0,0,NA,8,NA,NA,NA,NA,NA,NA,NA,NA,NA,NA,NA
2020-02-23,0,2,0,NA,8,NA,NA,NA,NA,NA,NA,NA,NA,NA,NA,NA
2020-02-24,0,1,0,NA,8,NA,NA,NA,NA,NA,NA,NA,NA,NA,NA,NA
2020-02-25,0,12,0,NA,10,NA,NA,NA,NA,NA,NA,NA,NA,NA,NA,NA
2020-02-26,0,21,0,NA,10,NA,NA,NA,NA,NA,NA,NA,NA,NA,NA,NA
2020-02-27,0,20,0,NA,10,NA,NA,NA,NA,NA,NA,NA,NA,NA,NA,NA
2020-02-28,0,18,0,NA,10,NA,NA,NA,NA,NA,NA,NA,NA,NA,NA,NA
2020-02-29,0,11,0,NA,11,NA,NA,NA,NA,NA,NA,NA,NA,NA,NA,NA
2020-03-01,0,4,0,NA,11,NA,NA,NA,NA,NA,NA,NA,NA,NA,NA,NA
2020-03-02,0,9,0,NA,12,NA,NA,NA,NA,NA,NA,NA,NA,NA,NA,NA
2020-03-03,0,23,0,NA,12,NA,NA,NA,NA,NA,NA,NA,NA,NA,NA,NA
2020-03-04,0,14,0,NA,12,NA,NA,NA,NA,NA,NA,NA,NA,NA,NA,NA
2020-03-05,2,18,0.10561446495712054,NA,13,NA,NA,NA,NA,NA,NA,NA,NA,NA,NA,NA
2020-03-06,2,14,0.10561446495712054,NA,16,NA,NA,NA,NA,NA,NA,NA,NA,NA,NA,NA
2020-03-07,5,14,0.2640361623928013,NA,16,NA,NA,NA,NA,NA,NA,NA,NA,NA,NA,NA
2020-03-08,3,18,0.1584216974356808,NA,16,NA,NA,NA,NA,NA,NA,NA,NA,NA,NA,NA
2020-03-09,3,35,0.1584216974356808,NA,17,NA,NA,NA,NA,NA,NA,NA,NA,NA,NA,NA
2020-03-10,5,92,0.2640361623928013,NA,21,NA,NA,NA,NA,NA,NA,NA,NA,NA,NA,NA
2020-03-11,11,91,0.5808795572641628,NA,25,NA,NA,NA,NA,NA,NA,NA,NA,NA,NA,NA
2020-03-12,4,72,0.21122892991424108,NA,28,NA,NA,NA,NA,NA,NA,NA,NA,NA,NA,NA
2020-03-13,11,78,0.5808795572641628,NA,29,NA,NA,NA,NA,NA,NA,NA,NA,NA,NA,NA
2020-03-14,10,62,0.5280723247856026,NA,31,NA,NA,NA,NA,NA,NA,NA,NA,NA,NA,NA
2020-03-15,2,44,0.10561446495712054,NA,31,NA,NA,NA,NA,NA,NA,NA,NA,NA,NA,NA
2020-03-16,8,69,0.42245785982848216,NA,35,NA,NA,NA,NA,NA,NA,NA,NA,NA,NA,NA
2020-03-17,8,66,0.42245785982848216,NA,37,NA,NA,NA,NA,NA,NA,NA,NA,NA,NA,NA
2020-03-18,13,81,0.6864940222212834,1,43,NA,NA,NA,NA,NA,NA,NA,NA,NA,NA,NA
2020-03-19,14,84,0.7393012546998438,1,44,NA,NA,NA,NA,NA,NA,NA,NA,NA,NA,NA
2020-03-20,17,115,0.8977229521355246,0,56,NA,NA,NA,NA,NA,NA,NA,NA,NA,NA,NA
2020-03-21,20,104,1.0561446495712052,1,70,NA,NA,NA,NA,NA,NA,NA,NA,NA,NA,NA
2020-03-22,18,86,0.9505301846140847,1,77,NA,NA,NA,NA,NA,NA,NA,NA,NA,NA,NA
2020-03-23,39,172,2.0594820666638505,5,87,NA,NA,NA,NA,NA,NA,NA,NA,NA,NA,NA
2020-03-24,40,157,2.1122892991424105,2,94,NA,NA,NA,NA,NA,NA,NA,NA,NA,NA,NA
2020-03-25,56,189,2.957205018799375,4,116,NA,NA,NA,NA,NA,NA,NA,NA,NA,NA,NA
2020-03-26,76,235,4.01334966837058,2,140,NA,NA,NA,NA,NA,NA,NA,NA,NA,NA,NA
2020-03-27,67,172,3.5380845760635378,3,158,NA,NA,NA,NA,NA,NA,NA,NA,NA,NA,NA
2020-03-28,75,174,3.96054243589202,8,188,NA,NA,NA,NA,NA,NA,NA,NA,NA,NA,NA
2020-03-29,61,153,3.221241181192176,4,207,NA,NA,NA,NA,NA,NA,NA,NA,NA,NA,NA
2020-03-30,81,223,4.277385830763381,4,227,NA,NA,NA,NA,NA,NA,NA,NA,NA,NA,NA
2020-03-31,108,239,5.703181107684509,5,252,NA,NA,NA,NA,NA,NA,NA,NA,NA,NA,NA
2020-04-01,100,242,5.280723247856026,4,280,34,45,18,46,18,64,137,1894,0,1996,13
2020-04-02,104,219,5.491952177770267,10,305,44,34,19,47,22,69,137,1851,0,2017,14
2020-04-03,101,230,5.333530480334587,10,306,45,34,39,46,23,69,137,1746,0,2108,16
2020-04-04,83,200,4.383000295720501,9,330,47,39,27,45,19,64,137,1801,0,1936,16
2020-04-05,58,154,3.062819483756495,11,330,46,41,37,44,24,68,137,1868,0,1805,16
2020-04-06,103,221,5.439144945291707,6,346,45,35,37,44,24,68,137,1892,0,1918,22
2020-04-07,127,254,6.706518524777153,8,354,50,37,29,49,21,70,141,1885,0,1903,23
2020-04-08,101,269,5.333530480334587,4,357,49,37,42,46,22,68,141,1852,0,1910,25
2020-04-09,97,288,5.122301550420346,18,347,49,37,42,44,19,63,172,1749,0,1948,27
2020-04-10,89,277,4.699843690591863,11,317,54,34,47,48,20,68,172,1555,0,2104,32
2020-04-11,66,176,3.4852773435849773,11,318,52,44,32,48,25,73,181,1708,0,1824,32
2020-04-12,73,208,3.854927970934899,16,316,46,40,40,46,23,69,164,1753,0,1791,32
2020-04-13,101,218,5.333530480334587,7,308,44,35,43,39,27,66,169,1779,0,1872,32
2020-04-14,93,227,4.911072620506105,12,296,44,42,43,38,22,60,164,1768,0,1975,36
2020-04-15,131,300,6.917747454691395,16,278,43,39,43,36,24,60,162,1691,0,2005,45
2020-04-16,133,337,7.023361919648514,11,283,41,47,37,33,32,65,144,1736,0,1967,46
2020-04-17,152,322,8.02669933674116,9,290,36,53,33,34,27,61,148,1807,0,1819,53
2020-04-18,82,194,4.330193063241942,10,287,33,45,42,33,29,62,148,1842,0,1667,53
2020-04-19,39,119,2.0594820666638505,10,298,33,45,41,29,26,55,144,1930,0,1512,53
2020-04-20,108,256,5.703181107684509,12,304,35,44,34,31,23,54,152,1914,0,1692,56
2020-04-21,128,309,6.759325757255715,13,312,35,50,38,34,27,61,151,1980,0,1612,57
2020-04-22,94,242,4.963879852984665,19,310,34,43,40,31,25,56,144,1958,0,1665,60
2020-04-23,71,209,3.749313505977779,16,301,34,38,56,33,25,58,186,1895,0,1665,60
2020-04-24,80,245,4.224578598284821,11,295,32,38,40,29,26,55,172,1861,0,1646,65
2020-04-25,51,191,2.693168856406573,15,298,36,34,35,31,25,56,177,1944,0,1508,65
2020-04-26,43,155,2.2707109965780914,14,289,34,35,43,27,22,49,177,2065,0,1334,65
2020-04-27,68,311,3.590891808542098,13,286,32,37,39,27,28,55,177,2139,0,1133,69
2020-04-28,68,320,3.590891808542098,6,277,29,43,36,27,27,54,177,2162,0,1054,69
2020-04-29,87,354,4.594229225634742,14,270,27,48,38,26,33,59,165,2188,0,994,70
2020-04-30,108,401,5.703181107684509,8,275,26,56,33,25,37,62,154,2189,0,1072,69
2020-05-01,90,404,4.752650923070424,12,269,36,52,27,22,30,52,153,2156,0,1069,70
2020-05-02,81,347,4.277385830763381,12,268,27,52,32,23,30,53,146,2229,0,978,70
2020-05-03,47,296,2.4819399264923323,11,264,24,48,34,21,36,57,139,2318,0,827,70
2020-05-04,71,444,3.749313505977779,9,260,24,53,32,21,39,60,139,2299,0,981,71
2020-05-05,67,460,3.5380845760635378,6,243,22,54,26,21,40,61,141,2318,0,958,73
2020-05-06,77,510,4.0661569008491405,3,239,22,53,30,22,34,56,136,2255,0,1095,74
2020-05-07,91,489,4.805458155548984,3,231,22,48,34,22,31,53,132,2271,0,1104,75
2020-05-08,69,422,3.6436990410206582,6,220,23,49,29,23,32,55,132,2216,0,1148,76
2020-05-09,51,387,2.693168856406573,7,232,25,44,38,19,28,47,114,2314,0,940,76
2020-05-10,57,324,3.010012251277935,10,241,22,48,32,16,29,45,114,2440,0,862,76
2020-05-11,70,500,3.6965062734992187,2,248,17,47,33,13,29,42,126,2416,0,933,76
2020-05-12,85,524,4.488614760677622,4,244,15,49,52,14,33,47,159,2425,0,897,75
2020-05-13,73,515,3.854927970934899,3,245,20,47,45,12,33,45,164,2390,0,901,75
2020-05-14,67,484,3.5380845760635378,10,226,17,53,36,12,23,35,150,2368,0,923,75
2020-05-15,62,495,3.2740484136707364,3,210,17,50,33,10,24,34,135,2303,0,1062,74
2020-05-16,39,365,2.0594820666638505,4,206,16,51,38,12,30,42,126,2381,0,889,71
2020-05-17,35,292,1.8482531367496093,7,208,15,50,40,13,32,45,120,2476,0,807,71
2020-05-18,57,485,3.010012251277935,7,202,15,54,40,9,29,38,126,2481,0,862,71
2020-05-19,68,558,3.590891808542098,5,197,14,53,35,7,29,36,130,2531,0,845,71
2020-05-20,69,593,3.6436990410206582,5,181,11,64,35,5,37,42,114,2541,0,846,70
2020-05-21,55,483,2.9043977863208146,4,172,11,65,22,6,38,44,114,2503,0,890,71
2020-05-22,33,425,1.7426386717924887,1,164,10,67,24,4,42,46,110,2466,0,964,72
2020-05-23,52,385,2.7459760888851337,2,162,9,61,30,5,36,41,107,2501,0,814,68
2020-05-24,27,297,1.4257952769211273,7,161,8,58,31,4,38,42,101,2531,0,780,68
2020-05-25,34,409,1.795445904271049,1,159,7,56,28,5,36,41,101,2647,0,791,68
2020-05-26,26,416,1.3729880444425668,1,158,8,52,29,5,34,39,99,2673,0,751,69
2020-05-27,30,417,1.584216974356808,4,149,7,64,21,5,38,43,93,2637,0,812,67
2020-05-28,27,376,1.4257952769211273,3,144,6,68,31,5,40,45,91,2593,0,855,69
2020-05-29,20,382,1.0561446495712052,1,136,6,60,32,4,39,43,91,2495,0,921,71
2020-05-30,12,342,0.6336867897427232,2,137,6,54,35,4,36,40,80,2596,0,730,71
2020-05-31,25,268,1.3201808119640066,1,139,4,63,25,4,40,44,80,2651,0,656,71
2020-06-01,22,497,1.1617591145283257,1,127,5,55,29,4,30,34,79,2654,0,809,72
2020-06-02,19,516,1.003337417092645,2,119,5,64,25,5,37,42,83,2714,0,743,71
2020-06-03,10,613,0.5280723247856026,2,108,4,71,23,3,41,44,67,2720,0,783,68
2020-06-04,10,583,0.5280723247856026,0,96,7,71,19,7,40,47,58,2709,0,791,68
2020-06-05,23,520,1.2145663470068861,1,92,8,66,26,6,37,43,58,2667,0,836,65
2020-06-06,8,350,0.42245785982848216,0,89,7,67,26,6,38,44,55,2744,0,680,61
2020-06-07,4,353,0.21122892991424108,0,89,5,67,30,4,40,44,53,2804,0,601,61
2020-06-08,13,607,0.6864940222212834,0,89,5,76,19,4,49,53,54,2750,0,721,62
2020-06-09,11,544,0.5808795572641628,0,83,4,76,23,3,46,49,51,2799,0,738,60
2020-06-10,16,540,0.8449157196569643,0,81,5,73,27,5,36,41,54,2966,0,952,59
2020-06-11,10,473,0.5280723247856026,2,75,6,68,24,6,35,41,48,2954,0,934,56
2020-06-12,10,466,0.5280723247856026,1,70,6,75,29,5,43,48,45,2620,0,872,56
2020-06-13,10,290,0.5280723247856026,1,68,6,69,25,4,39,43,44,2451,0,719,55
2020-06-14,8,318,0.42245785982848216,0,67,6,58,34,4,33,37,42,2771,0,644,55
2020-06-15,19,501,1.003337417092645,0,66,5,59,39,4,29,33,45,2747,0,783,55
2020-06-16,11,538,0.5808795572641628,1,59,3,63,40,3,36,39,40,2814,0,790,51
2020-06-17,5,635,0.2640361623928013,1,53,2,63,40,2,36,38,36,2779,0,796,50
2020-06-18,7,746,0.3696506273499219,1,50,2,68,34,2,41,43,36,2766,0,806,50
2020-06-19,12,496,0.6336867897427232,1,45,2,69,30,2,32,34,28,2705,0,892,49
2020-06-20,4,280,0.21122892991424108,0,47,2,68,22,2,37,39,28,2754,0,771,47
2020-06-21,3,346,0.1584216974356808,0,51,2,60,36,2,24,26,30,2859,0,656,47
2020-06-22,4,615,0.21122892991424108,1,52,2,67,31,2,31,33,34,2880,0,689,47
2020-06-23,8,773,0.42245785982848216,1,53,2,67,30,2,29,31,31,2883,0,704,45
2020-06-24,4,630,0.21122892991424108,0,48,2,68,18,2,32,34,29,3044,0,911,44
2020-06-25,4,626,0.21122892991424108,1,47,1,70,32,1,34,35,29,2803,0,878,44
2020-06-26,3,378,0.1584216974356808,2,40,1,65,38,1,40,41,21,2950,0,1129,34
2020-06-27,4,306,0.21122892991424108,0,37,0,60,35,0,32,32,19,2794,0,846,34
2020-06-28,5,238,0.2640361623928013,0,40,0,59,34,0,36,36,19,2913,0,680,34
2020-06-29,4,454,0.21122892991424108,1,36,0,69,28.5,0,45,45,19,2930,0,800,33
2020-06-30,2,467,0.10561446495712054,0,34,0,63,26,0,38,38,19,2959,0,754,30
2020-07-01,4,368,0.21122892991424108,1,32,0,63,30,0,31,31,12,2902,0,824,26
2020-07-02,3,317,0.1584216974356808,0,31,0,71,28,0,40,40,12,2894,0,822,21
2020-07-03,7,367,0.3696506273499219,2,28,0,74,28,0,38,38,12,2773,0,944,20
2020-07-04,1,306,0.05280723247856027,0,30,0,74,28,NA,NA,NA,12,2813,0,868,20
2020-07-05,2,267,0.10561446495712054,0,30,0,74,28,NA,NA,NA,12,2954,0,684,20
2020-07-06,7,458,0.3696506273499219,0,30,0,63,35,0,31,31,12,2929,0,793,20
2020-07-07,4,473,0.21122892991424108,0,31,0,64,32,0,28,28,12,2955,0,777,20
2020-07-08,6,466,0.3168433948713616,0,31,0,72,28,0,32,32,12,2878,0,849,15
2020-07-09,5,350,0.2640361623928013,1,30,0,78,19,0,37,37,12,2864,0,870,13
2020-07-10,4,347,0.21122892991424108,0,28,0,70,30,0,36,36,11,2744,0,1023,13
2020-07-11,6,249,0.3168433948713616,0,29,0,70,30,NA,NA,NA,11,2802,0,900,12
2020-07-12,4,280,0.21122892991424108,1,27,0,70,30,NA,NA,NA,11,2859,0,805,12
2020-07-13,2,331,0.10561446495712054,0,26,1,64,31,1,46,47,11,3017,0,735,12
2020-07-14,7,430,0.3696506273499219,0,24,1,69,35,1,50,51,10,2950,0,821,12
2020-07-15,14,419,0.7393012546998438,0,25,1,79,17,1,50,51,9,2960,0,798,11
2020-07-16,18,429,0.9505301846140847,0,25,1,80,25,1,52,53,8,2939,0,798,9
2020-07-17,7,524,0.3696506273499219,0,23,1,71,27,1,47,48,7,2810,0,939,9
2020-07-18,6,426,0.3168433948713616,0,25,1,71,27,NA,NA,NA,7,2919,0,764,9
2020-07-19,3,405,0.1584216974356808,0,26,1,71,27,NA,NA,NA,7,3004,0,635,9
2020-07-20,3,597,0.1584216974356808,0,27,1,67,27,1,40,41,7,3041,0,701,9
2020-07-21,11,551,0.5808795572641628,0,25,2,68,29,2,41,43,8,3032,0,718,9
2020-07-22,8,595,0.42245785982848216,0,24,2,67,24,2,44,46,7,3030,0,752,6
2020-07-23,12,464,0.6336867897427232,0,24,2,78,19,2,38,40,7,3030,0,722,6
2020-07-24,12,563,0.6336867897427232,0,25,2,74,17,2,45,47,7,2872,0,865,5
2020-07-25,4,421,0.21122892991424108,0,25,2,74,17,NA,NA,NA,7,2953,0,753,5
2020-07-26,1,336,0.05280723247856027,0,24,2,74,17,NA,NA,NA,7,3080,0,551,5
2020-07-27,10,563,0.5280723247856026,0,25,2,75,20,1,46,47,7,3083,0,702,6
2020-07-28,13,582,0.6864940222212834,0,25,2,79,18,1,46,47,7,3056,0,695,6
2020-07-29,9,474,0.47526509230704234,0,26,2,80,13,1,40,41,7,3060,0,702,5
2020-07-30,10,434,0.5280723247856026,0,24,2,79,21,1,41,42,7,3052,0,702,5
2020-07-31,12,520,0.6336867897427232,0,25,2,72,23,1,39,40,7,2943,0,838,5
2020-08-01,10,438,0.5280723247856026,0,27,2,72,23,NA,NA,NA,7,3008,0,708,5
2020-08-02,8,335,0.42245785982848216,0,26,2,72,23,NA,NA,NA,7,3102,0,573,5
2020-08-03,18,770,0.9505301846140847,0,25,2,72,27,1,39,40,7,3043,0,724,5
2020-08-04,16,727,0.8449157196569643,0,24,2,79,22,1,47,48,7,3052,0,673,5
2020-08-05,29,842,1.5314097418782475,0,23,2,68,25,1,41,42,7,3061,0,679,3
2020-08-06,16,863,0.8449157196569643,0,26,2,70,25,1,37,38,3,3073,0,677,3
2020-08-07,16,973,0.8449157196569643,0,25,2,66,32,1,33,34,4,2731,0,770,3
2020-08-08,26,687,1.3729880444425668,1,28,2,66,32,NA,NA,NA,4,2769,0,653,3
2020-08-09,25,508,1.3201808119640066,0,29,2,66,32,NA,NA,NA,3,2886,0,496,3
2020-08-10,40,1134,2.1122892991424105,0,28,2,72,22,1,35,36,7,2983,0,751,2
2020-08-11,35,1324,1.8482531367496093,0,29,2,75,22,1,35,36,8,3156,0,585,2
2020-08-12,35,1243,1.8482531367496093,0,28,3,81,15,2,32,34,8,3023,0,582,1
2020-08-13,46,1098,2.4291326940137723,1,30,3,77,15,2,39,41,7,3121,0,583,3
2020-08-14,54,1158,2.8515905538422546,0,30,1,74,22,1,40,41,2,3004,0,770,3
2020-08-15,21,838,1.1089518820497655,1,31,1,74,22,NA,NA,NA,2,3090,0,598,3
2020-08-16,19,657,1.003337417092645,0,31,1,74,22,NA,NA,NA,2,3196,0,442,3
2020-08-17,49,1478,2.5875543914494528,0,37,0,80,14,0,44,44,4,3206,0,546,4
2020-08-18,41,1344,2.165096531620971,0,41,0,75,18,0,41,41,7,3189,0,566,7
2020-08-19,38,1496,2.00667483418529,0,46,0,77,18,0,40,40,10,3189,0,531,7
2020-08-20,66,1602,3.4852773435849773,0,51,0,76,17,0,44,44,10,3186,0,583,8
2020-08-21,75,1618,3.96054243589202,0,52,0,69,24,0,39,39,9,2970,0,775,9
2020-08-22,39,1034,2.0594820666638505,0,51,0,69,24,NA,NA,NA,9,3067,0,631,9
2020-08-23,44,959,2.3235182290566514,0,52,0,69,24,NA,NA,NA,9,3190,0,441,9
2020-08-24,38,1651,2.00667483418529,0,56,1,70,22,1,41,42,9,3178,0,597,9
2020-08-25,56,1760,2.957205018799375,1,53,1,77,16,1,52,53,19,3182,0,584,12
2020-08-26,66,1607,3.4852773435849773,0,47,1,81,19,1,52,53,17,3082,0,668,12
2020-08-27,69,1508,3.6436990410206582,0,50,1,67,17,1,45,46,18,3093,0,651,14
2020-08-28,76,1412,4.01334966837058,1,53,2,74,18,2,34,36,20,2941,0,800,15
2020-08-29,37,1118,1.9538676017067298,0,55,2,74,18,NA,NA,NA,20,2960,0,704,15
2020-08-30,32,1095,1.6898314393139287,0,54,2,74,18,NA,NA,NA,20,3066,0,561,15
2020-08-31,48,1458,2.5347471589708928,0,59,2,74,18,NA,NA,NA,20,3181,0,558,15
2020-09-01,53,2148,2.798783321363694,1,58,3,73,20,3,47,50,22,3405,0,686,18
2020-09-02,85,1900,4.488614760677622,0,52,3,81,13,3,51,54,21,3187,0,536,18
2020-09-03,98,1846,5.1751087828989055,2,52,3,80,14,3,48,51,20,3427,0,603,21
2020-09-04,119,1838,6.2840606649486705,0,51,3,78,20,3,45,48,16,3073,0,648,19
2020-09-05,82,1325,4.330193063241942,1,51,3,78,20,NA,NA,NA,16,3127,0,528,19
2020-09-06,88,1220,4.647036458113303,0,54,3,78,20,NA,NA,NA,16,3245,0,353,19
2020-09-07,69,1849,3.6436990410206582,2,53,2,82,13,1,45,46,22,3220,0,486,19
2020-09-08,51,1854,2.693168856406573,0,57,2,82,16,1,49,50,26,3244,0,458,21
2020-09-09,93,2056,4.911072620506105,0,56,2,84,11,2,57,59,24,3265,0,440,22
2020-09-10,64,1839,3.3796628786278573,1,58,2,85,14,2,53,55,25,3255,0,436,22
2020-09-11,66,1501,3.4852773435849773,2,61,1,82,13,1,52,53,21,3052,0,639,22
2020-09-12,94,1263,4.963879852984665,0,65,1,82,13,NA,NA,NA,21,3083,0,530,22
2020-09-13,85,1244,4.488614760677622,0,71,1,82,13,NA,NA,NA,21,3209,0,366,22
2020-09-14,107,1804,5.650373875205949,1,74,2,79,9,1,55,56,35,3160,0,522,24
2020-09-15,98,1849,5.1751087828989055,1,74,3,75,14,2,47,49,36,3204,0,467,27
2020-09-16,116,1870,6.12563896751299,2,72,3,75,17,2,46,48,33,3174,0,505,25
2020-09-17,148,1912,7.815470406826919,0,71,4,71,18,3,39,42,32,3095,0,568,25
2020-09-18,148,1563,7.815470406826919,1,72,4,65,23,3,38,41,36,2952,0,682,27
2020-09-19,146,1394,7.709855941869798,2,73,4,65,23,NA,NA,NA,36,2978,0,588,27
2020-09-20,107,1132,5.650373875205949,0,79,4,65,23,NA,NA,NA,36,3101,0,421,27
2020-09-21,124,1730,6.548096827341473,0,87,5,67,19,3,36,39,39,3086,0,551,30
2020-09-22,154,1882,8.132313801698281,0,92,5,71,22,4,41,45,47,3092,0,546,28
2020-09-23,208,1759,10.983904355540535,0,97,6,73,11,5,48,53,44,3090,0,538,27
2020-09-24,247,1782,13.043386422204383,0,100,5,71,23,5,50,55,46,3035,0,596,27
2020-09-25,208,1725,10.983904355540535,1,100,5,75,15,5,41,46,54,2575,0,1016,27
2020-09-26,242,1467,12.779350259811583,0,109,5,75,15,NA,NA,NA,54,2662,0,873,27
2020-09-27,248,1417,13.096193654682946,0,118,5,75,15,NA,NA,NA,54,3072,0,435,27
2020-09-28,270,2024,14.25795276921127,1,134,6,70,17,6,45,51,62,3077,0,541,28
2020-09-29,362,2183,19.116218157238816,0,138,8,75,13,5,43,48,72,3097,0,508,27
2020-09-30,571,2473,30.15292974525791,1,146,10,69,14,7,45,52,75,3102,0,499,25
2020-10-01,428,2011,22.601495500823795,1,155,9,67,23,7,36,43,70,3056,0,536,28
2020-10-02,627,2618,33.110134764057285,2,150,9,55,31,7,28,35,67,2953,0,642,28
2020-10-03,561,2228,29.62485742047231,1,166,10,58,25,9,35,44,67,3002,0,511,28
2020-10-04,558,1926,29.466435723036625,0,181,10,56,21,7,36,43,67,3083,0,409,28
2020-10-05,640,2888,33.79662878627857,1,198,12,56,20,8,33,41,91,3035,0,533,29
2020-10-06,738,3265,38.97173756917748,1,216,13,60,20,8,37,45,112,3040,0,544,31
2020-10-07,924,3382,48.793882810189686,1,231,14,60,19,11,34,45,130,3033,0,537,34
2020-10-08,873,3328,46.10071395378311,0,245,15,65,16,11,35,46,141,3003,0,554,35
2020-10-09,758,2747,40.02788221874868,0,244,16,73,15,10,44,54,141,2869,0,681,36
2020-10-10,728,2291,38.44366524439187,0,265,NA,NA,NA,NA,NA,NA,144,2925,0,554,36
2020-10-11,744,2204,39.28858096404884,6,290,19,61,19,12,42,54,148,3003,0,429,36
2020-10-12,1004,3498,53.0184614084745,5,297,22,59,17,15,45,60,163,3035,0,482,46
2020-10-13,1002,3404,52.91284694351738,4,316,23,63,12,15,47,62,178,2972,0,525,53
2020-10-14,974,3233,51.4342444341177,2,331,24,69,13,17,41,58,211,2885,0,615,56
2020-10-15,1004,2971,53.0184614084745,4,349,24,57,21,17,38,55,224,2829,0,602,64
2020-10-16,881,2876,46.52317181361159,2,373,26,57,21,20,40,60,240,2680,0,727,72
2020-10-17,760,2351,40.1334966837058,3,407,27,56,20,22,39,61,238,2730,0,629,72
2020-10-18,727,2146,38.39085801191331,7,433,30,54,18,23,41,64,NA,NA,NA,NA,72
2020-10-19,963,3077,50.85336487685353,4,444,29,56,19,25,42,67,299,2341,208,0,80
2020-10-20,976,3004,51.539858899074815,3,464,29,53,16,25,40,65,327,2435,198,5,84
2020-10-21,1025,2856,54.12741329052427,6,464,32,59,17,26,38,64,342,2438,180,0,83
2020-10-22,986,2766,52.06793122386043,4,482,33,51,30,23,29,52,346,2421,130,33,83
2020-10-23,804,2446,42.45701491276245,6,498,34,57,19,25,30,55,355,2386,151,27,92
2020-10-24,676,1915,35.697689155506744,8,526,34,54,17,27,35,62,369,2346,124,90,92
2020-10-25,624,1613,32.95171306662161,6,546,37,53,15,27,38,65,387,2298,125,116,92
2020-10-26,831,2669,43.88281018968358,11,546,39,60,9,30,39,69,426,2342,207,0,99
2020-10-27,764,2436,40.34472561362004,10,558,38,54,14,33,34,67,445,2313,221,0,105
2020-10-28,701,2122,37.017869967470745,9,552,44,53,13,37,37,74,446,2266,185,20,100
2020-10-29,635,2007,33.53259262388577,14,565,44,56,19,39,40,79,448,2223,140,90,105
2020-10-30,652,1932,34.43031557602129,9,560,43,61,14,38,41,79,449,2160,131,128,109
2020-10-31,488,1456,25.769929449537408,7,580,48,53,11,41,35,76,435,2151,95,188,109
2020-11-01,429,1212,22.654302733302355,10,595,48,51,12,41,35,76,462,2119,108,164,109
2020-11-02,652,2161,34.43031557602129,5,607,52,52,16,42,36,78,486,2110,170,101,120
2020-11-03,615,2112,32.47644797431456,12,614,51,54,15,44,35,79,492,2171,236,0,117
2020-11-04,544,1942,28.727134468336786,10,609,50,55,20,42,41,83,494,2172,207,0,120
2020-11-05,518,1912,27.354146423894218,7,604,49,55,22,42,37,79,489,2149,172,58,126
2020-11-06,462,1809,24.396941405094843,15,595,49,61,31,39,39,78,478,2157,134,101,126
2020-11-07,418,1415,22.07342317603819,7,602,53,60,22,38,39,77,446,2127,85,226,126
2020-11-08,398,1191,21.017278526466985,10,629,55,55,25,41,39,80,458,2192,94,164,126
2020-11-09,611,2184,32.265219044400325,10,625,55,60,26,44,45,89,467,2204,159,40,139
2020-11-10,648,2314,34.21908664610705,8,648,50,63,26,39,45,84,466,2193,175,38,146
2020-11-11,575,2000,30.364158675172153,13,647,47,60,34,35,47,82,491,2190,200,0,143
2020-11-12,518,1804,27.354146423894218,10,639,46,65,26,30,49,79,499,2181,193,0,144
2020-11-13,431,1771,22.759917198259473,11,620,44,64,28,34,46,80,492,2177,170,48,147
2020-11-14,392,1466,20.700435131595622,13,622,49,62,26,39,39,78,467,2160,100,177,147
2020-11-15,345,1298,18.21849520510329,13,633,51,61,12,40,44,84,474,2158,129,127,147
2020-11-16,552,2039,29.149592328165266,9,646,45,65,21,37,43,80,477,2201,204,14,154
2020-11-17,541,2026,28.568712770901104,11,635,44,61,27,35,40,75,480,2250,251,0,165
2020-11-18,409,1873,21.59815808373115,10,634,43,65,25,37,42,79,471,2247,202,10,166
2020-11-19,329,1576,17.373579485446324,13,628,42,66,28,32,35,67,472,2266,157,40,166
2020-11-20,351,1642,18.53533859997465,13,614,38,58,28,28,33,61,462,2282,113,82,143
2020-11-21,273,1174,14.416374466646952,8,626,41,60,23,31,40,71,434,2240,91,144,143
2020-11-22,261,1091,13.78268767690423,6,635,40,53,29,28,33,61,456,2212,87,137,143
2020-11-23,349,1750,18.429724135017533,8,611,37,56,31,30,33,63,465,2226,144,31,146
2020-11-24,317,1661,16.739892695703602,7,607,37,61,25,29,31,60,442,2238,157,60,142
2020-11-25,393,1740,20.753242364074183,10,608,36,56,30,30,34,64,416,2291,143,39,140
2020-11-26,309,1545,16.317434835875122,8,595,39,60,22,33,39,72,412,2221,128,132,139
2020-11-27,304,1534,16.05339867348232,11,589,37,66,17,30,39,69,403,2277,130,73,142
2020-11-28,314,1147,16.58147099826792,11,597,33,69,16,29,42,71,378,2241,84,191,142
2020-11-29,241,1053,12.726543027333022,8,618,35,69,12,29,45,74,391,2236,83,184,142
2020-11-30,465,2008,24.55536310253052,12,617,37,59,15,29,40,69,399,2294,174,11,131
2020-12-01,369,1847,19.48586878458874,7,613,38,62,15,29,40,69,385,2312,165,34,128
2020-12-02,386,1782,20.38359173672426,8,594,37,65,16,29,35,64,397,2322,180,2,128
2020-12-03,448,1800,23.657640150395,6,593,38,64,18,27,32,59,375,2312,185,0,119
2020-12-04,398,1724,21.017278526466985,7,600,35,62,19,24,30,54,367,2330,166,16,114
2020-12-05,354,1413,18.693760297410332,12,608,33,69,17,24,36,60,377,2261,137,117,114
2020-12-06,336,1344,17.743230112796248,11,621,30,64,21,24,29,53,386,2309,148,33,114
2020-12-07,425,2036,22.443073803388113,17,617,29,67,18,21,34,55,401,2349,206,0,115
2020-12-08,430,2025,22.707109965780912,7,634,28,68,21,20,36,56,393,2348,195,0,109
2020-12-09,415,1992,21.91500147860251,9,612,31,61,22,24,39,63,388,2391,195,0,107
2020-12-10,471,1994,24.872206497401883,13,615,29,62,20,22,32,54,385,2376,172,7,107
2020-12-11,477,1741,25.189049892273246,9,600,28,69,20,23,38,61,374,2375,200,0,110
2020-12-12,329,1296,17.373579485446324,7,618,27,70,16,23,44,67,371,2340,146,60,110
2020-12-13,374,1291,19.749904946981538,5,638,29,64,12,24,44,68,380,2336,151,44,110
2020-12-14,537,2308,28.357483840986863,6,652,31,65,18,24,37,61,398,2383,218,0,113
2020-12-15,488,2267,25.769929449537408,6,664,33,69,12,24,49,73,415,2385,262,0,87
2020-12-16,567,2281,29.94170081534367,13,662,32,68,14,25,45,70,423,2377,250,0,87
2020-12-17,552,2047,29.149592328165266,14,644,32,66,21,26,43,69,416,2392,192,0,86
2020-12-18,498,2051,26.298001774323012,10,634,31,65,20,26,41,67,403,2365,177,0,82
2020-12-19,452,1871,23.86886908030924,15,642,30,66,16,23,45,68,391,2315,113,116,82
2020-12-20,459,2029,24.23851970765916,12,658,30,67,13,24,47,71,390,2311,98,137,82
2020-12-21,664,3124,35.06400236576401,17,663,30,59,23,24,31,55,412,2295,196,0,87
2020-12-22,679,3011,35.85611085294242,10,653,30,62,24,23,41,64,407,2322,159,7,86
2020-12-23,739,2954,39.024544801656035,15,643,31,59,26,22,32,54,408,2242,143,70,86
2020-12-24,575,1925,30.364158675172153,15,630,30,59,22,22,32,54,395,2091,103,237,83
2020-12-25,311,760,16.423049300832243,7,647,30,59,22,NA,NA,NA,NA,0,0,0,83
2020-12-26,666,1684,35.16961683072113,10,679,33,51,28,22,24,46,NA,0,0,0,83
2020-12-27,1003,2352,52.965654175995944,14,712,33,51,28,NA,NA,NA,NA,0,0,0,83
2020-12-28,1275,2797,67.32922141016434,8,740,32,56,28,23,28,51,NA,0,0,0,92
2020-12-29,2124,4741,112.16256178446201,11,778,34,52,21,24,33,57,457,2193,149,112,96
2020-12-30,2047,4380,108.09640488361285,13,804,35,53,23,24,29,53,467,2232,212,6,105
2020-12-31,1592,3551,84.06911410586794,10,796,34,53,26,27,34,61,478,2236,206,30,107
2021-01-01,1136,2480,59.989016095644466,13,829,34,53,26,NA,NA,NA,NA,0,0,0,107
2021-01-02,1787,3910,94.36652443918719,14,856,35,55,23,25,32,57,489,2226,114,126,107
2021-01-03,1506,3312,79.52769211271175,12,894,36,57,20,22,36,58,527,2229,153,24,107
2021-01-04,1861,4494,98.27425964260064,13,902,39,55,20,29,36,65,542,2243,195,0,107
2021-01-05,1504,3950,79.42207764775463,7,909,45,58,15,34,43,77,561,2234,227,0,107
2021-01-06,1422,3513,75.0918845845127,11,922,44,59,18,37,40,77,569,2232,226,0,132
2021-01-07,1141,3215,60.253052258037265,21,931,44,58,18,32,37,69,599,2165,163,28,133
2021-01-08,1156,3097,61.04516074521566,10,967,45,54,21,36,38,74,638,2088,141,86,137
2021-01-09,938,2516,49.533184064889525,20,1000,47,52,19,33,30,63,670,2032,120,166,137
2021-01-10,816,2225,43.09070170250517,16,1053,53,53,15,34,26,60,701,2079,138,80,137
2021-01-11,1184,3248,62.52376325461535,23,1048,52,51,18,37,26,63,751,2062,135,29,150
2021-01-12,1045,2961,55.18355794009547,19,1054,55,41,38,38,25,63,770,2018,154,22,149
2021-01-13,976,3067,51.539858899074815,19,1056,56,46,32,40,28,68,809,1960,127,117,142
2021-01-14,848,2614,44.780533141819106,26,1047,58,47,30,44,29,73,833,1940,130,94,142
2021-01-15,782,2435,41.29525579823413,24,1019,63,47,30,47,27,74,834,1894,125,136,139
2021-01-16,649,1819,34.271893878585615,20,1040,62,51,30,45,29,74,780,1896,122,197,139
2021-01-17,567,1558,29.94170081534367,29,1047,67,53,27,50,34,84,776,1895,89,218,139
2021-01-18,843,2671,44.5164969794263,21,1029,65,46,33,51,27,78,800,1975,98,96,139
2021-01-19,808,2499,42.668243842676695,19,1003,70,43,36,57,33,90,793,1940,130,130,137
2021-01-20,725,2388,38.285243546956195,19,984,67,50,38,57,32,89,786,1958,121,134,138
2021-01-21,702,2274,37.0706771999493,11,989,70,51,33,58,36,94,779,1957,118,169,134
2021-01-22,565,1978,29.836086350386548,13,971,72,53,24,52,37,89,757,1968,74,245,129
2021-01-23,445,1457,23.499218452959315,20,975,66,55,32,46,30,76,746,1900,58,357,129
2021-01-24,415,1229,21.91500147860251,13,998,74,46,37,54,36,90,746,1966,78,292,129
2021-01-25,591,2224,31.209074394829116,15,971,74,48,36,50,39,89,771,1996,136,141,135
2021-01-26,601,2342,31.737146719614717,12,946,68,57,31,48,39,87,742,2017,151,142,133
2021-01-27,577,2205,30.46977314012927,20,907,68,53,38,56,36,92,709,2015,118,236,126
2021-01-28,490,1952,25.87554391449453,16,872,67,55,38,57,36,93,712,2007,69,248,126
2021-01-29,495,1944,26.139580076887327,23,845,67,56,39,54,32,86,719,1979,75,269,126
2021-01-30,379,1302,20.01394110937434,14,850,69,51,32,56,37,93,657,2016,76,306,126
2021-01-31,371,1326,19.591483249545856,12,855,69,54,34,56,37,93,677,2047,59,290,126
2021-02-01,487,2130,25.71712221705885,15,825,64,54,39,56,36,92,704,2017,79,249,119
2021-02-02,425,2071,22.443073803388113,13,797,66,51,33,58,34,92,703,2083,116,122,105
2021-02-03,443,1979,23.393603988002198,5,767,65,48,42,60,33,93,665,2083,106,156,106
2021-02-04,380,1817,20.0667483418529,14,723,68,48,37,63,33,96,641,2094,106,191,99
2021-02-05,406,1583,21.43973638629547,9,680,67,53,36,61,43,104,609,2140,93,192,98
2021-02-06,297,1137,15.683748046132399,13,673,67,51,37,59,37,96,578,2149,79,258,98
2021-02-07,265,1075,13.99391660681847,8,675,66,48,42,57,33,90,570,2155,97,249,98
2021-02-08,346,1695,18.271302437581852,9,639,60,52,44,54,36,90,582,2203,125,130,94
2021-02-09,300,1595,15.84216974356808,3,612,60,56,42,57,37,94,544,2263,149,109,90
2021-02-10,324,1590,17.109543323053526,8,583,61,63,24,57,42,99,518,2292,121,143,83
2021-02-11,272,1422,14.363567234168393,12,558,58,59,34,53,39,92,495,2242,83,239,80
2021-02-12,257,1300,13.571458746989988,9,526,58,60,33,51,39,90,469,2280,70,230,78
2021-02-13,179,807,9.452494613662287,8,525,59,61,34,52,40,92,437,2251,32,323,78
2021-02-14,223,904,11.776012842718938,5,530,58,60,38,51,38,89,425,2305,45,247,78
2021-02-15,360,1634,19.010603692281695,5,524,59,53,44,49,36,85,436,2375,99,147,79
2021-02-16,290,1553,15.314097418782477,12,493,55,52,44,45,33,78,415,2402,143,101,64
2021-02-17,315,1594,16.634278230746485,5,475,53,49,50,45,31,76,388,2422,81,183,53
2021-02-18,264,1449,13.94110937433991,6,463,51,55,47,42,32,74,369,2434,82,163,49
2021-02-19,279,1418,14.733217861518312,2,449,49,60,33,41,41,82,346,2484,61,151,47
2021-02-20,219,1036,11.564783912804698,5,450,47,55,40,42,37,79,335,2438,68,199,47
2021-02-21,172,907,9.082843986312366,5,446,49,57,29,40,38,78,339,2462,85,169,47
2021-02-22,242,1613,12.779350259811583,5,428,51,61,28,41,42,83,340,2512,150,35,44
2021-02-23,243,1616,12.832157492290145,2,412,48,64,22,39,39,78,335,2519,141,47,44
2021-02-24,256,1639,13.51865151451143,4,390,44,61,31,35,38,73,317,2544,102,87,44
2021-02-25,237,1449,12.515314097418784,4,376,44,61,31,32,42,74,305,2496,108,130,44
2021-02-26,169,1174,8.924422288876686,3,349,36,62,35,29,34,63,293,2485,98,150,28
2021-02-27,155,894,8.18512103417684,2,346,36,57,38,31,35,66,266,2439,47,265,28
2021-02-28,120,740,6.336867897427232,2,342,34,55,38,30,29,59,258,2406,65,286,28
2021-03-01,182,1487,9.610916311097968,2,334,34,58,37,29,27,56,272,2477,90,185,26
2021-03-02,206,1454,10.878289890583414,2,310,34,56,34,30,29,59,245,2504,105,156,25
2021-03-03,163,1441,8.607578894005323,4,288,31,60,31,29,36,65,244,2471,86,185,23
2021-03-04,160,1320,8.449157196569642,2,277,29,62,30,27,36,63,216,2442,100,251,20
2021-03-05,141,1102,7.445819779476997,1,259,29,61,26,27,38,65,193,2464,56,280,18
2021-03-06,136,885,7.181783617084196,6,258,30,63,24,25,40,65,178,2387,61,361,18
2021-03-07,158,836,8.343542731612523,2,261,33,69,18,24,37,61,191,2432,68,300,18
2021-03-08,211,1558,11.142326052976216,1,261,35,62,22,25,35,60,184,2518,93,196,18
2021-03-09,170,1379,8.977229521355245,6,244,32,66,21,22,37,59,185,2528,109,181,18
2021-03-10,190,1570,10.03337417092645,7,221,29,69,18,19,41,60,169,2557,75,204,16
2021-03-11,179,1334,9.452494613662287,4,220,26,70,23,19,38,57,156,2604,89,156,17
2021-03-12,167,1202,8.818807823919565,1,214,23,75,19,18,45,63,147,2587,109,153,14
2021-03-13,133,926,7.023361919648514,0,219,24,66,23,18,37,55,149,2548,74,224,14
2021-03-14,108,637,5.703181107684509,0,217,23,64,24,18,33,51,152,2564,84,204,14
2021-03-15,168,1470,8.871615056398124,2,209,22,68,23,16,39,55,151,2614,109,121,14
2021-03-16,169,1595,8.924422288876686,0,203,18,69,22,14,39,53,144,2659,150,36,13
2021-03-17,131,1128,6.917747454691395,1,209,14,73,22,13,50,63,NA,0,0,0,13
2021-03-18,172,1493,9.082843986312366,2,203,16,69,25,14,38,52,126,2693,117,48,12
2021-03-19,128,1278,6.759325757255715,1,197,16,68,20,14,41,55,122,2683,111,59,8
2021-03-20,113,940,5.96721727007731,0,196,18,70,16,16,36,52,118,2624,89,119,8
2021-03-21,108,870,5.703181107684509,3,197,14,69,21,13,39,52,116,2636,83,126,8
2021-03-22,163,1614,8.607578894005323,2,183,15,68,18,12,38,50,126,2694,145,1,8
2021-03-23,138,1553,7.2873980820413164,0,182,14,64,29,11,31,42,113,2726,178,0,8
2021-03-24,164,1629,8.660386126483884,0,181,14,66,25,12,36,48,108,2727,174,0,9
2021-03-25,169,1632,8.924422288876686,0,166,14,67,25,10,38,48,108,2673,115,81,6
2021-03-26,126,1361,6.653711292298594,1,155,13,70,23,10,38,48,104,2677,117,83,6
2021-03-27,112,973,5.91441003759875,1,157,14,58,37,10,33,43,103,2603,54,218,6
2021-03-28,86,1159,4.541421993156183,1,161,15,59,32,11,30,41,100,2662,100,135,6
2021-03-29,124,1699,6.548096827341473,2,152,17,61,30,12,30,42,108,2667,136,86,5
2021-03-30,100,1592,5.280723247856026,3,137,18,66,23,12,31,43,101,2710,164,31,5
2021-03-31,113,1536,5.96721727007731,0,131,17,71,22,9,37,46,94,2720,144,46,5
2021-04-01,90,1281,4.752650923070424,0,133,17,62,33,9,34,43,83,2728,130,70,5
2021-04-02,78,981,4.118964133327701,2,128,17,63,27,9,33,42,89,2690,127,106,6
2021-04-03,50,667,2.640361623928013,1,123,16,62,28,10,36,46,NA,0,0,0,6
2021-04-04,38,616,2.00667483418529,1,122,11,70,23,9,41,50,NA,0,0,0,6
2021-04-05,55,1020,2.9043977863208146,2,116,11,72,20,10,41,51,NA,0,0,0,6
2021-04-06,89,1222,4.699843690591863,1,116,11,73,15,10,44,54,NA,0,0,0,6
2021-04-07,107,1553,5.650373875205949,2,116,12,70,22,10,39,49,76,2756,188,0,6
2021-04-08,127,1417,6.706518524777153,1,109,12,73,21,9,41,50,75,2783,210,0,5
2021-04-09,122,1276,6.442482362384352,2,96,10,76,21,9,47,56,67,2766,154,2,5
2021-04-10,84,967,4.435807528199062,1,99,10,65,24,7,41,48,63,2667,77,171,5
2021-04-11,89,1332,4.699843690591863,1,97,8,69,22,5,38,43,67,2731,82,105,5
2021-04-12,106,1645,5.597566642727388,0,89,8,67,28,6,34,40,65,2757,156,18,5
2021-04-13,94,1618,4.963879852984665,1,86,7,67,36,5,36,41,63,2799,207,0,5
2021-04-14,155,1753,8.18512103417684,2,80,8,70,28,5,33,38,58,2802,237,0,4
2021-04-15,115,1565,6.0728317350344305,1,78,8,69,29,6,39,45,53,2777,139,59,3
2021-04-16,96,1339,5.0694943179417855,1,81,9,68,26,5,38,43,54,2756,109,89,5
2021-04-17,83,1026,4.383000295720501,1,80,8,64,30,5,39,44,55,2678,79,192,5
2021-04-18,68,1269,3.590891808542098,0,79,7,69,24,5,37,42,57,2698,80,159,5
2021-04-19,129,1845,6.812132989734274,1,74,8,70,25,5,40,45,52,2784,111,51,3
2021-04-20,118,1772,6.231253432470111,0,70,9,70,23,6,44,50,56,2775,181,3,3
2021-04-21,108,1925,5.703181107684509,3,76,9,70,22,6,44,50,47,2818,140,0,3
2021-04-22,79,1621,4.171771365806261,2,74,7,74,26,5,46,51,44,2777,120,76,4
2021-04-23,70,1309,3.6965062734992187,0,75,7,76,25,3,50,53,47,2760,117,104,4
2021-04-24,68,981,3.590891808542098,1,75,6,71,33,3,51,54,53,2696,65,189,4
2021-04-25,72,1273,3.8021207384563387,0,79,5,68,33,3,50,53,53,2746,126,78,4
2021-04-26,97,1801,5.122301550420346,1,77,5,71,32,3,48,51,48,2783,145,39,4
2021-04-27,97,1912,5.122301550420346,1,79,8,64,10,3,36,39,51,2840,159,0,4
2021-04-28,94,1750,4.963879852984665,0,79,8,62,11,3,40,43,46,2848,177,0,4
2021-04-29,89,1409,4.699843690591863,1,73,8,62,16,4,36,40,51,2830,180,0,4
2021-04-30,84,1168,4.435807528199062,0,76,8,63,12,4,36,40,51,2832,148,9,4
2021-05-01,65,1035,3.432470111106417,1,78,7,63,10,5,33,38,NA,0,0,0,4
2021-05-02,54,1085,2.8515905538422546,0,75,7,60,15,6,35,41,NA,0,0,0,4
2021-05-03,81,1457,4.277385830763381,0,80,7,59,22,5,33,38,NA,0,0,0,4
2021-05-04,101,1968,5.333530480334587,0,78,7,59,16,5,30,35,61,2822,205,0,5
2021-05-05,82,1775,4.330193063241942,0,75,7,66,14,5,33,38,58,2859,217,0,6
2021-05-06,69,1536,3.6436990410206582,1,69,7,70,10,5,32,37,52,2833,168,0,5
2021-05-07,74,1430,3.9077352034134596,0,62,6,62,16,3,30,33,59,2801,167,25,5
2021-05-08,84,1060,4.435807528199062,0,63,6,57,25,4,29,33,NA,0,0,0,5
2021-05-09,71,1250,3.749313505977779,0,67,6,55,27,4,24,28,NA,0,0,0,5
2021-05-10,98,1892,5.1751087828989055,0,64,6,56,23,4,26,30,48,2856,205,0,5
2021-05-11,96,1822,5.0694943179417855,1,59,3,66,22,3,25,28,51,2885,233,0,5
2021-05-12,91,1896,4.805458155548984,0,54,4,71,19,4,29,33,46,2886,201,0,6
2021-05-13,80,1734,4.224578598284821,1,49,3,70,12,3,33,36,40,2859,168,0,6
2021-05-14,55,1311,2.9043977863208146,0,46,3,72,13,3,33,36,35,2850,143,17,4
2021-05-15,59,1109,3.1156267162350555,0,45,3,69,10,3,35,38,NA,0,0,0,4
2021-05-16,59,1233,3.1156267162350555,2,41,2,65,19,2,31,33,NA,0,0,0,4
2021-05-17,97,2299,5.122301550420346,0,42,2,71,11,2,32,34,39,2865,185,0,3
2021-05-18,87,2071,4.594229225634742,1,41,3,73,12,3,32,35,35,2883,185,0,4
2021-05-19,90,1876,4.752650923070424,0,42,2,69,14,2,35,37,32,2894,167,0,4
2021-05-20,77,1602,4.0661569008491405,0,38,2,64,20,2,32,34,33,2845,186,0,4
2021-05-21,74,1482,3.9077352034134596,0,36,2,59,28,2,26,28,28,2855,157,0,4
2021-05-22,63,1063,3.326855646149297,0,38,2,58,27,2,28,30,NA,0,0,0,4
2021-05-23,50,1271,2.640361623928013,0,37,2,59,25,1,29,30,NA,0,0,0,4
2021-05-24,75,2061,3.96054243589202,0,35,2,68,17,1,32,33,32,2874,177,0,4
2021-05-25,56,1816,2.957205018799375,0,33,2,68,17,1,35,36,22,2929,229,0,4
2021-05-26,69,1648,3.6436990410206582,0,32,2,70,16,1,34,35,19,2915,193,0,4
2021-05-27,77,1306,4.0661569008491405,0,30,2,68,15,1,39,40,22,2897,200,0,4
2021-05-28,67,1156,3.5380845760635378,1,32,2,72,13,0,47,47,23,2884,219,0,4
2021-05-29,52,1024,2.7459760888851337,0,33,2,68,16,0,43,43,NA,0,0,0,4
2021-05-30,32,1032,1.6898314393139287,0,31,2,69,16,0,42,42,NA,0,0,0,4
2021-05-31,50,1352,2.640361623928013,0,27,2,68,15,0,39,39,NA,0,0,0,4
2021-06-01,68,1804,3.590891808542098,1,28,2,67,16,0,38,38,14,2940,280,0,4
2021-06-02,85,1637,4.488614760677622,0,24,2,70,14,0,36,36,16,2994,282,0,2
2021-06-03,84,1402,4.435807528199062,0,25,1,66,14,0,33,33,14,2977,217,0,2
2021-06-04,65,1268,3.432470111106417,0,22,1,64,12,0,31,31,16,2987,180,0,2
2021-06-05,71,1172,3.749313505977779,0,23,1,72,15,0,39,39,NA,0,0,0,2
2021-06-06,46,1354,2.4291326940137723,0,23,1,66,17,0,29,29,NA,0,0,0,2
2021-06-07,79,1802,4.171771365806261,0,26,1,71,13,0,33,33,10,2953,250,0,2
2021-06-08,93,1889,4.911072620506105,1,27,0,75,12,0,38,38,14,3000,194,0,1
2021-06-09,88,1877,4.647036458113303,0,25,0,74,8,0,43,43,14,2991,181,0,1
2021-06-10,118,1553,6.231253432470111,0,24,0,74,15,0,36,36,13,2985,195,0,1
2021-06-11,97,1379,5.122301550420346,0,24,0,63,24,0,33,33,13,2960,194,0,1
2021-06-12,62,1041,3.2740484136707364,0,22,0,60,16,0,31,31,NA,0,0,0,1
2021-06-13,70,1189,3.6965062734992187,0,20,0,61,17,0,34,34,NA,0,0,0,1
2021-06-14,124,2086,6.548096827341473,0,20,0,67,14,0,41,41,10,2930,198,0,1
2021-06-15,142,1972,7.498627011955558,0,22,0,70,15,0,40,40,10,2957,228,0,1
2021-06-16,146,1899,7.709855941869798,0,23,0,70,18,0,40,40,12,2978,193,0,1
2021-06-17,179,1824,9.452494613662287,0,23,0,67,15,0,36,36,12,2926,164,1,1
2021-06-18,131,1729,6.917747454691395,0,23,0,65,15,0,41,41,12,2880,142,72,1
2021-06-19,113,1451,5.96721727007731,0,22,0,61,20,0,39,39,NA,0,0,0,1
2021-06-20,119,1491,6.2840606649486705,0,22,0,62,17,0,36,36,NA,0,0,0,1
2021-06-21,177,2294,9.346880148705166,0,24,0,61,25,0,32,32,9,2944,225,0,3
2021-06-22,189,2306,9.98056693844789,0,27,0,66,17,0,35,35,11,2953,190,0,3
2021-06-23,188,2456,9.92775970596933,0,30,0,68,20,0,36,36,12,2963,139,0,3
2021-06-24,213,2081,11.247940517933337,0,29,0,66,19,0,34,34,14,2923,190,0,3
2021-06-25,238,1956,12.568121329897341,0,29,0,69,14,0,36,36,14,2946,165,0,3
2021-06-26,226,1636,11.93443454015462,0,33,0,62,20,0,39,39,NA,0,0,0,3
2021-06-27,198,1649,10.455832030754932,0,38,0,60,20,0,35,35,NA,0,0,0,3
2021-06-28,296,2540,15.630940813653838,0,42,2,67,17,2,35,37,20,2910,180,0,4
2021-06-29,385,2669,20.330784504245702,0,47,2,66,12,2,36,38,22,2955,217,0,4
2021-06-30,396,2512,20.911664061509864,0,53,2,64,13,2,36,38,25,2952,162,0,4
2021-07-01,406,2345,21.43973638629547,1,58,2,59,18,2,32,34,23,2947,161,0,4
2021-07-02,370,2221,19.538676017067296,0,68,2,63,15,1,30,31,28,2926,162,0,4
2021-07-03,333,1807,17.584808415360566,0,70,4,60,13,1,33,34,NA,0,0,0,4
2021-07-04,369,1876,19.48586878458874,0,75,4,53,14,1,31,32,NA,0,0,0,4
2021-07-05,471,3019,24.872206497401883,0,78,4,60,14,1,29,30,38,2911,244,0,5
2021-07-06,506,2991,26.720459634151496,0,84,5,62,13,1,32,33,47,2943,273,0,6
2021-07-07,590,2939,31.156267162350556,0,93,4,58,18,1,28,29,52,2950,240,0,8
2021-07-08,599,2670,31.6315322546576,0,97,3,64,14,0,32,32,64,2923,199,0,9
2021-07-09,569,2422,30.047315280300793,1,95,1,67,13,0,26,26,62,2894,152,0,9
2021-07-10,452,1816,23.86886908030924,1,105,1,55,21,1,25,26,NA,0,0,0,9
2021-07-11,465,1828,24.55536310253052,1,111,1,59,18,1,30,31,NA,0,0,0,9
2021-07-12,481,2130,25.400278822187488,0,124,2,61,18,1,38,39,NA,0,0,0,9
2021-07-13,832,3101,43.93561742216214,0,130,4,70,10,1,37,38,76,2850,256,0,9
2021-07-14,1071,3677,56.55654598453804,0,151,2,65,15,1,37,38,80,2850,224,0,16
2021-07-15,1219,3774,64.37201639136497,0,166,2,65,14,1,33,34,96,2832,201,0,19
2021-07-16,1313,3791,69.33589624434963,3,167,2,70,10,1,43,44,104,2798,116,13,21
2021-07-17,1105,3197,58.351991888809096,0,180,4,65,8,3,43,46,NA,0,0,0,21
2021-07-18,931,2735,49.1635334375396,1,198,3,64,9,3,48,51,NA,0,0,0,21
2021-07-19,1558,4654,82.27366820159689,1,202,7,60,11,3,46,49,145,2743,227,0,26
2021-07-20,1454,4657,76.78171602382662,1,216,6,64,6,2,41,43,146,2751,242,0,40
2021-07-21,1431,4357,75.56714967681974,1,231,8,57,12,3,34,37,165,2733,205,0,40
2021-07-22,1306,3784,68.9662456169997,2,264,10,53,9,5,30,35,190,2724,190,0,45
2021-07-23,1226,3515,64.74166701871489,2,280,16,54,6,8,32,40,210,2697,195,0,52
2021-07-24,1022,2792,53.96899159308859,2,291,17,42,13,11,30,41,NA,0,0,0,52
2021-07-25,1010,2924,53.33530480334587,1,315,19,47,10,14,31,45,NA,0,0,0,52
2021-07-26,1277,4432,67.43483587512145,0,329,25,44,8,16,30,46,298,2678,263,0,59
2021-07-27,1424,4653,75.19749904946981,2,321,29,41,6,21,32,53,307,2645,275,0,72
2021-07-28,1273,4178,67.22360694520721,3,307,32,42,3,23,30,53,312,2646,202,0,73
2021-07-29,1199,3895,63.31587174179376,6,302,31,42,13,25,29,54,304,2621,160,0,80
2021-07-30,1021,3511,53.916184360610025,5,306,32,47,5,25,34,59,311,2570,146,13,85
2021-07-31,864,2788,45.62544886147607,5,313,31,45,13,21,33,54,NA,0,0,0,85
2021-08-01,844,2719,44.569304211904864,7,323,36,44,11,24,30,54,NA,0,0,0,85
2021-08-02,1163,4203,61.41481137256559,3,340,34,46,12,23,25,48,319,2549,224,0,97
2021-08-03,1240,4373,65.48096827341472,1,336,37,41,16,26,21,47,333,2571,197,0,99
2021-08-04,1360,4367,71.81783617084196,3,332,38,41,10,29,27,56,318,2554,187,0,103
2021-08-05,1375,4492,72.60994465802037,4,350,39,41,9,27,29,56,330,2552,155,0,103
2021-08-06,1218,4987,64.3192091588864,5,374,37,42,13,28,30,58,322,2556,172,0,106
2021-08-07,1054,3663,55.658823032402516,3,397,41,42,7,33,31,64,NA,0,0,0,106
2021-08-08,1045,3398,55.18355794009547,8,420,41,41,11,29,27,56,NA,0,0,0,106
2021-08-09,1402,4812,74.03573993494149,3,420,41,45,8,34,31,65,365,2539,197,0,112
2021-08-10,1437,5026,75.8839930716911,3,429,41,51,6,32,34,66,358,2599,218,0,105
2021-08-11,1426,4744,75.30311351442694,5,437,40,51,8,31,37,68,378,2545,191,0,117
2021-08-12,1362,4555,71.92345063579909,6,444,42,44,16,32,29,61,382,2494,191,0,118
2021-08-13,1271,4718,67.1179924802501,6,426,44,52,5,32,36,68,402,2466,154,0,122
2021-08-14,1200,4524,63.36867897427232,4,442,42,48,9,28,35,63,NA,0,0,0,122
2021-08-15,1303,4002,68.80782391956403,2,460,44,42,11,32,31,63,NA,0,0,0,122
2021-08-16,1628,4932,85.97017447509612,4,473,47,43,11,34,28,62,406,2484,194,0,123
2021-08-17,1693,5294,89.40264458620253,7,480,47,50,8,33,29,62,419,2490,220,0,128
2021-08-18,1751,5046,92.46546406995901,11,465,49,46,9,32,30,62,431,2482,186,0,133
2021-08-19,1775,5083,93.73283764944446,7,456,46,50,10,31,25,56,425,2451,177,0,128
2021-08-20,1561,4697,82.43208989903256,5,441,47,42,12,33,22,55,408,2455,146,6,134
2021-08-21,1459,4041,77.04575218621943,12,450,47,44,12,33,22,55,NA,0,0,0,134
2021-08-22,1270,3661,67.06518524777154,10,467,49,47,12,33,26,59,NA,0,0,0,134
2021-08-23,1734,5455,91.5677411178235,8,459,43,46,22,28,27,55,420,2489,183,0,132
2021-08-24,1642,4890,86.70947572979595,5,471,41,50,14,26,32,58,409,2503,210,0,134
2021-08-25,1676,4987,88.504921634067,4,458,43,51,11,26,32,58,418,2496,206,0,128
2021-08-26,1610,5242,85.01964429048202,5,474,41,51,15,26,37,63,406,2509,216,0,126
2021-08-27,1428,4900,75.40872797938405,5,477,45,51,10,27,37,64,416,2493,201,0,129
2021-08-28,1170,3601,61.78446199991551,10,477,43,52,11,29,36,65,NA,0,0,0,129
2021-08-29,1052,3326,55.553208567445395,8,486,39,53,11,31,38,69,NA,0,0,0,129
2021-08-30,1411,4324,74.51100502724853,7,501,42,56,8,33,35,68,NA,0,0,0,129
2021-08-31,1575,5374,83.17139115373242,7,499,44,54,6,37,38,75,431,2555,275,0,135
2021-09-01,1465,5145,77.36259558109079,13,505,46,53,7,37,35,72,446,2549,230,0,131
2021-09-02,1371,4946,72.39871572810613,8,491,46,51,9,38,30,68,439,2524,220,0,135
2021-09-03,1367,5464,72.18748679819188,6,493,46,47,18,38,26,64,422,2535,204,0,130
2021-09-04,1197,5162,63.21025727683663,7,505,48,43,17,35,27,62,NA,0,0,0,130
2021-09-05,1233,4168,65.1113176460648,13,517,47,41,17,34,25,59,NA,0,0,0,130
2021-09-06,1711,7121,90.35317477081661,4,523,46,41,18,36,28,64,434,2533,257,0,134
2021-09-07,1658,7658,87.55439144945292,5,529,45,46,19,35,25,60,452,2534,289,0,131
2021-09-08,1530,7422,80.7950656921972,10,525,44,44,18,33,27,60,434,2559,228,0,126
2021-09-09,1612,8950,85.12525875543915,6,519,44,49,14,34,26,60,458,2539,209,0,125
2021-09-10,1403,9271,74.08854716742005,1,491,43,42,23,35,25,60,457,2534,209,0,119
2021-09-11,1006,6921,53.12407587343162,6,499,45,42,15,35,27,62,NA,0,0,0,119
2021-09-12,883,4045,46.62878627856872,8,503,43,40,20,33,28,61,NA,0,0,0,119
2021-09-13,1385,6271,73.13801698280596,10,507,41,49,15,32,31,63,442,2573,253,0,120
2021-09-14,1278,6415,67.48764310760001,10,488,41,53,11,36,37,73,452,2569,290,0,117
2021-09-15,1170,5811,61.78446199991551,3,494,36,57,12,33,38,71,429,2579,239,0,114
2021-09-16,1083,5371,57.19023277428076,7,477,38,55,16,33,29,62,421,2558,190,0,112
2021-09-17,1009,5419,53.2824975708673,10,460,38,48,16,31,31,62,397,2572,182,0,108
2021-09-18,901,4308,47.5793164631828,4,463,37,48,16,27,31,58,NA,0,0,0,108
2021-09-19,914,3890,48.26581048540408,5,472,35,52,17,28,35,63,NA,0,0,0,108
2021-09-20,1249,5708,65.95623336572177,4,463,33,57,18,27,36,63,377,2584,168,0,107
2021-09-21,1196,5665,63.15745004435808,4,467,32,62,16,25,39,64,387,2603,190,0,103
2021-09-22,1086,5313,57.34865447171645,9,452,34,58,14,26,33,59,372,2636,190,0,102
2021-09-23,1068,5752,56.39812428710236,8,431,31,59,16,25,32,57,355,2610,202,0,101
2021-09-24,955,6130,50.430907017025056,6,414,31,57,17,23,31,54,344,2619,150,0,94
2021-09-25,826,4542,43.61877402729078,5,422,29,55,16,23,28,51,NA,0,0,0,94
2021-09-26,885,3367,46.73440074352583,4,431,29,54,18,23,32,55,NA,0,0,0,94
2021-09-27,1319,5538,69.652739639221,4,430,28,54,23,25,31,56,331,2637,212,0,85
2021-09-28,1115,4893,58.88006421359469,3,421,27,53,23,24,30,54,360,2620,260,0,80
2021-09-29,1158,4921,61.15077521017279,3,420,29,60,19,27,26,53,326,2679,230,0,76
2021-09-30,978,4347,51.645473364031936,5,416,31,57,18,25,28,53,331,2652,228,0,71
2021-10-01,931,4078,49.1635334375396,2,405,33,53,20,26,30,56,320,2655,188,0,69
2021-10-02,898,3395,47.420894765747114,4,408,33,49,16,25,28,53,NA,0,0,0,69
2021-10-03,981,3608,51.80389506146762,1,420,38,55,14,27,28,55,NA,0,0,0,69
2021-10-04,1322,5586,69.81116133665667,3,423,37,48,17,28,32,60,317,2653,243,0,70
2021-10-05,1288,5281,68.01571543238562,3,426,34,54,18,27,32,59,326,2664,267,0,64
2021-10-06,1244,4966,65.69219720332897,2,427,31,52,17,27,24,51,316,2673,221,0,65
2021-10-07,1238,4654,65.37535380845762,3,432,33,50,15,26,23,49,327,2649,193,0,66
2021-10-08,1205,4439,63.63271513666512,4,421,35,47,13,28,29,57,314,2670,207,0,69
2021-10-09,984,3678,51.9623167589033,5,434,36,52,14,26,36,62,NA,0,0,0,69
2021-10-10,1122,3646,59.24971484094462,2,441,34,49,15,26,30,56,NA,0,0,0,69
2021-10-11,1418,5554,74.88065565459846,5,448,35,47,18,25,32,57,335,2625,218,0,69
2021-10-12,1383,5512,73.03240251784885,3,449,31,59,11,21,32,53,355,2645,219,0,69
2021-10-13,1293,4988,68.27975159477842,5,449,33,61,10,26,29,55,340,2679,228,0,65
2021-10-14,1239,4736,65.42816104093616,5,447,38,52,9,27,31,58,331,2666,213,0,67
2021-10-15,1103,4144,58.246377423851975,4,448,37,50,12,22,30,52,327,2668,168,0,65
2021-10-16,983,3458,51.909509526424735,6,447,37,51,10,24,31,55,NA,0,0,0,65
2021-10-17,1009,3699,53.2824975708673,2,469,36,52,8,24,36,60,NA,0,0,0,65
2021-10-18,1413,5796,74.61661949220566,9,480,34,58,6,24,45,69,321,2684,257,0,67
2021-10-19,1433,5449,75.67276414177687,5,477,31,61,5,20,41,61,349,2683,306,0,60
2021-10-20,1402,4972,74.03573993494149,3,485,33,59,4,22,40,62,356,2684,298,0,60
2021-10-21,1155,4305,60.99235351273711,7,484,35,57,8,25,33,58,352,2671,267,0,55
2021-10-22,1065,3984,56.239702589666685,11,465,33,56,8,24,34,58,329,2679,258,0,54
2021-10-23,1014,3444,53.546533733260105,6,471,30,53,12,23,30,53,NA,0,0,0,54
2021-10-24,1014,3369,53.546533733260105,3,492,30,49,15,22,28,50,NA,0,0,0,54
2021-10-25,1217,4592,64.26640192640784,5,501,33,53,11,24,24,48,364,2592,252,0,50
2021-10-26,1281,4597,67.6460648050357,4,497,34,57,6,26,23,49,376,2677,250,0,50
2021-10-27,1234,4438,65.16412487854336,7,496,33,56,8,26,23,49,360,2679,253,0,51
2021-10-28,1145,4219,60.4642811879515,6,501,34,56,8,24,25,49,351,2673,245,0,49
2021-10-29,1087,4361,57.40146170419501,10,505,34,54,10,25,28,53,350,2678,239,0,50
2021-10-30,960,3674,50.694943179417855,8,525,32,52,13,23,29,52,NA,0,0,0,50
2021-10-31,934,3336,49.32195513497529,6,533,28,50,14,28,31,59,NA,0,0,0,50
2021-11-01,1244,4899,65.69219720332897,4,528,36,49,10,28,30,58,391,2652,313,0,48
2021-11-02,1173,4693,61.942883697351185,8,522,36,54,6,29,29,58,398,2670,330,0,47
2021-11-03,1183,4380,62.47095602213679,12,512,39,52,7,30,29,59,397,2670,311,0,44
2021-11-04,1171,4302,61.837269232394064,6,518,41,57,2,31,30,61,387,2661,265,0,42
2021-11-05,1065,4033,56.239702589666685,4,519,43,53,5,32,33,65,400,2643,215,0,36
2021-11-06,1007,3433,53.17688310591018,6,517,42,53,9,34,29,63,NA,0,0,0,36
2021-11-07,979,3469,51.6982805965105,7,524,44,58,1,34,32,66,NA,0,0,0,36
2021-11-08,1522,5431,80.37260783236871,7,517,44,53,5,31,31,62,391,2637,265,0,38
2021-11-09,1565,5397,82.64331882894682,8,520,39,59,8,28,36,64,409,2634,232,0,36
2021-11-10,1445,5269,76.30645093151959,6,523,36,60,9,28,33,61,401,2664,244,0,38
2021-11-11,1500,4930,79.21084871784039,5,507,37,60,11,30,30,60,390,2643,198,0,38
2021-11-12,1310,4701,69.17747454691394,4,510,34,63,7,27,33,60,404,2600,241,0,40
2021-11-13,1324,4217,69.9167758016138,4,526,36,60,6,27,32,59,NA,0,0,0,40
2021-11-14,1416,4636,74.77504118964133,3,537,33,63,8,25,31,56,NA,0,0,0,40
2021-11-15,1853,6824,97.85180178277217,6,517,37,60,5,28,30,58,452,2589,284,0,42
2021-11-16,1740,6444,91.88458451269486,12,503,35,58,10,26,33,59,426,2620,233,0,34
2021-11-17,1682,6090,88.82176502893836,5,495,33,60,12,26,34,60,430,2596,217,0,33
2021-11-18,1687,6153,89.08580119133116,9,482,34,56,13,22,33,55,408,2615,228,0,32
2021-11-19,1650,5744,87.13193358962444,2,468,33,56,14,21,34,55,393,2620,218,0,33
2021-11-20,1386,5141,73.19082421528452,9,470,34,53,15,22,32,54,NA,0,0,0,33
2021-11-21,1425,4915,75.25030628194837,3,480,35,50,18,25,28,53,NA,0,0,0,33
2021-11-22,1871,7167,98.80233196738625,4,470,36,52,15,26,26,52,374,2631,248,0,35
2021-11-23,1788,7137,94.41933167166576,7,466,33,55,11,25,28,53,364,2661,287,0,30
2021-11-24,1656,6871,87.4487769844958,4,461,36,52,11,25,26,51,371,2649,256,0,31
2021-11-25,1602,6274,84.59718643065355,9,435,35,53,9,24,30,54,355,2660,211,0,33
2021-11-26,1421,5822,75.03907735203414,3,422,33,47,14,22,25,47,318,2665,163,6,33
2021-11-27,1358,5235,71.71222170588484,3,416,33,45,15,25,26,51,NA,0,0,0,33
2021-11-28,1467,5331,77.46821004604791,5,429,31,51,12,27,28,55,NA,0,0,0,33
2021-11-29,1987,8140,104.92797093489925,2,415,28,49,17,24,23,47,305,2681,244,0,32
2021-11-30,1975,8190,104.29428414515651,2,412,29,60,6,23,24,47,281,2724,266,0,31
2021-12-01,2001,8491,105.66727218959909,2,402,30,50,12,24,22,46,280,2756,261,0,32
2021-12-02,1914,8375,101.07304296396434,4,411,30,45,14,28,19,47,272,2726,226,0,34
2021-12-03,1600,8179,84.49157196569642,6,408,30,47,13,28,22,50,271,2750,221,0,36
2021-12-04,1404,6991,74.1413543998986,7,411,30,45,10,26,28,54,NA,0,0,0,36
2021-12-05,1509,6183,79.68611381014745,2,429,31,52,9,25,29,54,NA,0,0,0,36
2021-12-06,1882,8629,99.38321152465042,5,432,34,53,6,28,28,56,285,2741,282,0,37
2021-12-07,1808,8229,95.47547632123695,5,428,35,51,5,28,34,62,290,2780,272,0,32
2021-12-08,1897,8977,100.17532001182883,3,425,38,48,6,34,30,64,291,2753,268,0,32
2021-12-09,1740,8451,91.88458451269486,4,406,38,49,11,30,26,56,286,2734,284,0,35
2021-12-10,1503,8440,79.36927041527608,2,393,40,45,11,31,29,60,275,2749,259,0,35
2021-12-11,1437,8045,75.8839930716911,3,405,35,49,11,30,26,56,NA,0,0,0,35
2021-12-12,1408,7150,74.35258332981284,3,415,36,49,11,32,29,61,NA,0,0,0,35
2021-12-13,1935,9983,102.18199484601412,3,415,32,53,11,29,35,64,283,2760,314,0,35
2021-12-14,2233,11231,117.91855012462506,5,396,31,60,6,27,38,65,281,2809,299,0,35
2021-12-15,2225,11652,117.49609226479659,6,398,32,58,8,27,36,63,264,2804,294,0,32
2021-12-16,2026,11731,106.9874530015631,3,400,32,64,2,25,36,61,270,2780,230,0,32
2021-12-17,1845,12877,97.42934392294369,5,387,34,58,5,24,28,52,255,2779,188,0,32
2021-12-18,1992,12948,105.19200709729205,2,384,34,49,8,23,23,46,NA,0,0,0,32
2021-12-19,2087,10352,110.20869418275528,1,393,33,49,10,24,24,48,NA,0,0,0,32
2021-12-20,2689,13207,141.99864813484854,4,375,34,49,14,23,22,45,248,2740,271,0,41
2021-12-21,3709,15136,195.86202526298,2,377,34,48,15,26,29,55,232,2758,221,0,43
2021-12-22,4355,16690,229.97549744412996,1,380,34,50,10,26,23,49,225,2743,199,0,41
2021-12-23,4401,17218,232.40463013814374,3,372,34,54,10,26,26,52,239,2656,160,59,41
2021-12-24,4447,13511,234.83376283215748,0,366,34,48,14,25,28,53,235,2563,94,199,41
2021-12-25,2595,6839,137.0347682818639,4,373,38,41,8,28,24,52,NA,0,0,0,41
2021-12-26,3350,10543,176.90422880317686,2,389,34,47,4,25,25,50,NA,0,0,0,41
2021-12-27,7250,19872,382.8524354695619,3,423,33,47,15,26,26,52,NA,0,0,0,41
2021-12-28,8209,20994,433.4945714165012,4,438,32,46,17,25,25,50,NA,0,0,0,41
2021-12-29,8578,20815,452.98044020108995,4,452,35,50,11,29,28,57,263,2661,267,0,87
2021-12-30,8888,19126,469.3506822694436,0,466,32,56,6,24,34,58,284,2696,291,0,97
2021-12-31,8237,18613,434.9731739259009,3,485,34,54,7,25,31,56,319,2677,293,0,112
2022-01-01,5589,11628,295.13962232267335,4,510,31,53,10,25,30,55,NA,0,0,0,112
2022-01-02,7106,15062,375.24819399264925,4,525,31,52,12,25,32,57,NA,0,0,0,112
2022-01-03,7470,16981,394.4700266148452,3,549,31,54,10,26,31,57,NA,0,0,0,112
2022-01-04,8898,19733,469.87875459422924,5,541,31,58,6,25,31,56,347,2693,365,0,164
2022-01-05,7325,17523,386.8129779054539,3,553,32,55,8,24,35,59,359,2710,342,0,168
2022-01-06,3987,10886,210.54243589201977,2,560,30,53,10,24,32,56,376,2665,279,0,179
2022-01-07,3038,9877,160.4283722698661,3,550,31,53,11,26,29,55,374,2687,271,0,190
2022-01-08,2784,9356,147.01533522031175,2,554,30,49,13,26,29,55,NA,0,0,0,190
2022-01-09,2935,8433,154.98922732457436,7,567,30,50,13,25,31,56,NA,0,0,0,190
2022-01-10,3764,10565,198.76642304930084,0,560,31,51,13,22,29,51,379,2645,260,0,202
2022-01-11,3446,9927,181.97372312111867,0,556,31,55,9,22,31,53,386,2634,336,0,203
2022-01-12,3264,9803,172.3628068100207,11,541,29,57,11,24,30,54,355,2642,291,0,205
2022-01-13,3008,8842,158.84415529550927,8,515,28,56,10,22,27,49,368,2628,262,0,211
2022-01-14,2816,10038,148.7051666596257,2,492,30,60,6,25,26,51,355,2619,249,0,211
2022-01-15,2903,11472,153.29939588526042,2,498,30,54,10,26,21,47,NA,0,0,0,211
2022-01-16,3591,10122,189.6307718305099,6,505,30,51,15,23,21,44,NA,0,0,0,211
2022-01-17,4761,12336,251.4152338304254,3,493,28,48,20,22,22,44,369,2624,256,0,220
2022-01-18,4505,13884,237.896582315914,6,477,28,49,18,22,23,45,370,2652,252,0,215
2022-01-19,4138,13270,218.51632799628237,4,469,25,48,23,20,22,42,343,2704,244,0,220
2022-01-20,4020,13084,212.2850745638123,4,447,24,51,19,21,25,46,353,2697,231,0,218
2022-01-21,3753,14052,198.1855434920367,4,427,24,55,15,19,32,51,344,2676,191,0,213
2022-01-22,3565,15422,188.25778378606736,6,425,22,55,14,17,33,50,NA,0,0,0,213
2022-01-23,4741,16096,250.3590891808542,2,431,24,58,12,20,35,55,NA,0,0,0,213
2022-01-24,5995,20711,316.57935870896875,5,411,23,60,9,20,40,60,338,2754,214,0,215
2022-01-25,5022,20724,265.1979215073296,6,395,21,66,5,18,43,61,338,2740,257,0,213
2022-01-26,NA,NA,NA,2,NA,22,62,9,17,37,54,NA,NA,NA,NA,207
